id,email
780620,lwatkins@yahoo.com
611508,amymelton@anderson-myers.org
760502,marcusball@rhodes.org
824198,lwilliams@freeman-little.info
638085,pagevictoria@yahoo.com
795953,patricia32@rose-gibbs.com
729717,brianking@yahoo.com
662706,robert77@larson-bartlett.com
728299,lauren59@hotmail.com
658202,patricia80@yahoo.com
775989,wbrooks@yahoo.com
815491,ylang@cooper.org
695848,amanda66@yahoo.com
697688,hendersonchristopher@hensley.com
844209,jasongallagher@gmail.com
753332,gregoryestrada@brown.net
780529,elizabeth09@hotmail.com
754980,xrichard@hotmail.com
807113,johnnyjones@davis.org
521758,angela25@gmail.com
885160,hmurray@nelson-johnson.com
570535,garciazachary@hurst.com
508529,jenniferjohnston@hotmail.com
784731,amanda39@hotmail.com
616859,jamesdwayne@pham.org
887089,joshua07@gmail.com
572419,juliemiller@wolfe.com
622958,gonzaleztoni@johnson.com
743776,morganadrienne@ritter.biz
783911,horntiffany@vaughan.biz
732676,nicholashoffman@yahoo.com
884679,lisaburke@gmail.com
579759,jennifersimpson@clark-jones.org
797457,pross@hotmail.com
667455,ladams@lutz.org
632002,egordon@gmail.com
774362,michaelbecker@warner-fowler.com
511474,kmoss@hotmail.com
731905,natalie89@french-flores.biz
807978,michellehawkins@yahoo.com
551244,kathleen24@strickland-brown.com
613828,bmorgan@yahoo.com
582974,jameshowell@hotmail.com
565004,elizabeth77@morales.com
605281,nancy60@hotmail.com
631728,harrisalicia@gmail.com
838236,swhite@ayala.biz
523530,weaverbryan@murphy-le.com
882667,crystalanderson@yahoo.com
716328,bjones@copeland.com
793205,matthew51@hotmail.com
751251,sheila08@gmail.com
610012,natalie43@gmail.com
816944,westjason@harris-keller.com
699493,christopher00@sims-smith.com
746126,thester@yahoo.com
696674,brewernicole@gmail.com
887725,katelynevans@yahoo.com
741796,katie71@gmail.com
876541,rebekah49@jones.org
537506,brittanyperkins@hoffman-murphy.org
845107,diazkevin@yahoo.com
889032,longheather@barrett.biz
771634,alvarezkrista@yahoo.com
685147,christopher48@yahoo.com
590754,brandoncox@beasley-watkins.com
530574,alexisowen@yahoo.com
772059,martinchristopher@yahoo.com
643271,brookeramirez@sawyer.com
703510,jacob76@gmail.com
683778,gbarrera@yahoo.com
594641,paulwilliams@sosa-rodriguez.org
862127,lowechristopher@richardson.com
555819,ifrank@patterson.biz
691460,tdixon@gmail.com
873811,pamela29@anderson.biz
722409,ggibson@yahoo.com
748474,braymatthew@johnson.com
676937,jacobrichard@houston-klein.com
504242,christopher08@boyd.org
697969,danielleflores@serrano-arellano.com
707080,johnsonstephanie@yahoo.com
766873,susan36@hotmail.com
784440,youngwillie@erickson.com
842765,fosterlaura@diaz-sanchez.net
549623,terri61@hotmail.com
724271,stevenfarrell@hotmail.com
567900,matthew35@yahoo.com
538006,paul45@brandt.com
873279,elizabethparker@gmail.com
723808,esmith@johnston-hamilton.com
847051,huffmanjose@hotmail.com
744553,lbarajas@welch.com
584920,devin96@hotmail.com
640968,christielittle@gmail.com
889534,snowashley@williams-nelson.com
650189,kwiley@hotmail.com
519517,eharris@gmail.com
507351,mariejackson@gmail.com
525015,nancybradley@knapp.com
573453,udaniel@green.com
580891,myersluis@gmail.com
713995,kpeters@gmail.com
734089,christinestephens@nelson.info
673657,leemelissa@holloway.com
617186,sandra83@mason.biz
638567,xcarey@gmail.com
881657,marquezmartha@gmail.com
732229,wlewis@owens.com
514430,woodjulie@yahoo.com
535624,ejohnston@hotmail.com
812509,monique86@gmail.com
734946,melissa83@green.net
588049,hchase@hotmail.com
858091,denisesteele@navarro-dyer.org
661850,jason69@hotmail.com
816546,ogreen@harris.net
502048,rogersemily@mccall.info
590420,jeffery34@gmail.com
615410,christopher74@hotmail.com
877762,robertwagner@higgins.com
639644,cassandradavis@morris-sharp.com
719297,taylor53@gmail.com
666985,wagnertroy@jones.com
845928,wardpamela@black.com
744673,stephanie33@yahoo.com
783995,qmiranda@estrada.biz
563745,rhodesamanda@yahoo.com
532851,yhunter@hotmail.com
805351,vbenton@gmail.com
838808,gailthomas@howard-woods.com
803308,melissa60@young.com
611900,sbaker@hotmail.com
597908,sierra00@yahoo.com
865230,campbelltodd@bell.com
846366,lynchstephanie@hines.com
663897,fkidd@cole.com
625831,tara91@hotmail.com
764057,krussell@yahoo.com
737909,wwilliams@park-hayes.com
843160,sheltonjason@fowler.info
615179,hubbardgary@humphrey.com
751993,barnesdanny@hotmail.com
503491,stacymullins@gmail.com
609226,cruzmichael@gmail.com
587851,christopher46@chapman-rodriguez.com
685011,rbrowning@simon-young.com
883062,benjaminmyers@gmail.com
732673,melvinhill@glass.org
747405,tammyharris@curry.com
735891,robertpugh@sanchez.com
872426,crystalchavez@fisher.net
563895,brandonflynn@gmail.com
804015,perezeric@gmail.com
864543,bradyjamie@nelson-green.net
873453,susanmiller@joseph-walton.info
522981,hunthenry@sanchez-bowen.com
794574,brian31@ramirez-abbott.org
866967,tracy74@brennan-stewart.net
755308,angela87@parker.com
898662,marksimpson@yahoo.com
592309,perezmadison@rice.com
889300,jmcguire@yahoo.com
592789,tgarcia@yahoo.com
752155,arthur18@burke-green.com
565748,nealkathleen@gardner.com
576637,gary06@yahoo.com
567641,ftran@yahoo.com
749051,jessica14@christensen.biz
763078,ahuerta@hotmail.com
713604,vbarnes@hotmail.com
553123,hrodriguez@hotmail.com
832753,halljames@gmail.com
816974,gdouglas@yahoo.com
529153,toddcarrie@moyer.info
620672,douglasbrooks@mcdonald-bruce.com
679533,ylawrence@davis.com
862169,katherine14@young.org
765198,jromero@gmail.com
763726,duncantristan@yahoo.com
869314,shirleyedwards@gardner-moran.biz
585324,beasleyjenny@gmail.com
677735,john87@perez-doyle.com
840813,kdawson@vega.com
840625,melissaking@jarvis.com
568402,matthewmartinez@gmail.com
592707,leewilliamson@gmail.com
829105,kaufmanchristopher@ayala-decker.com
616373,ppowers@yahoo.com
669579,mark32@brewer.com
610731,stephanie01@dunn-torres.org
579401,rfischer@yahoo.com
834172,andersonjessica@yahoo.com
705079,norma88@yahoo.com
784816,nicholasmurray@gmail.com
782032,timothy51@oliver.com
580107,khale@yahoo.com
767740,carmen16@hotmail.com
575150,jessica39@reyes.biz
559935,alex81@mccormick.com
528310,benjaminsalinas@gmail.com
768619,tshaw@moore.com
610600,katherinedouglas@gmail.com
564500,gutierrezkayla@clark.com
541928,allison34@gmail.com
629381,ashley76@washington.info
801358,jenkinsmegan@parker-phillips.com
711196,scott16@stevens.com
790401,cynthiaruiz@hotmail.com
635628,xadams@walker-wilson.com
695028,psanders@pierce-white.net
541647,browncandice@thomas.com
794483,rwagner@williamson-clark.com
670497,curtismartinez@yahoo.com
736376,jcampbell@hubbard.com
696890,tlewis@hotmail.com
592482,stacie62@burton-mcdonald.com
519394,fmarsh@hotmail.com
527692,qcarter@moore.biz
597230,hollowayryan@gmail.com
788817,james50@yahoo.com
861342,andrewsjennifer@robles.info
605932,bakerjennifer@hotmail.com
674114,ysellers@ellis.com
580749,michael69@johnson.com
825960,daniellelewis@fernandez.com
661167,ipatton@gmail.com
653789,evelyn73@ware-miller.com
706543,phillipsanthony@hotmail.com
772666,nicholasbaker@williams.biz
755080,ukeller@hobbs.info
717787,wschmidt@lynch.org
693430,peterbrown@yahoo.com
795141,xewing@wolfe.com
756785,tammymiller@gmail.com
624324,robinsoncarrie@smith.com
755569,nathanvelasquez@gmail.com
725900,zwilliams@evans.com
871598,ncook@taylor.info
523980,perezryan@yahoo.com
735785,joanellis@gmail.com
521069,xbean@williams.biz
754526,michaelgolden@cruz-watson.com
706341,jennifer50@yahoo.com
849751,pneal@gmail.com
648102,chenjames@gmail.com
534195,smarshall@wells.org
519817,nelsongregory@yahoo.com
696695,igross@yahoo.com
521441,harperchristina@keller.net
738247,xdouglas@wang.biz
662204,wintersjames@moore-adams.biz
590158,newmanleslie@yahoo.com
579301,lauren59@walker.com
566940,taylorhernandez@gmail.com
602451,ecollins@rodriguez.org
724463,nelsonkristi@hess-thomas.info
879342,lynchjohn@wright.com
847269,lisajackson@williams.info
764339,huffjeffrey@morrison.com
719032,david14@combs.biz
569590,woodtina@good.info
693829,ambergraves@hotmail.com
854858,rachel78@castro-petersen.com
720478,qnguyen@yahoo.com
716729,hcook@gmail.com
767993,cwhite@benton.com
831099,robertortega@hotmail.com
573657,harriskeith@gmail.com
657740,browneric@robinson.com
826766,maryromero@lewis.net
839560,ballbryan@erickson-miller.net
808553,john09@webb.com
845993,mfields@yahoo.com
565493,leemegan@hotmail.com
708311,kellynelson@yahoo.com
840917,zkennedy@hotmail.com
819436,garciajennifer@wood.com
848125,rjohnston@gmail.com
575431,smaldonado@gmail.com
521644,gerald51@yahoo.com
885316,natasha62@hotmail.com
604925,jacksonlarry@yahoo.com
727816,emily40@hotmail.com
634227,kyle74@day.com
619055,tylerlaurie@thompson-sanders.com
561779,paulsmith@gmail.com
816544,jeremymaldonado@hale.info
541455,mclaughlingabriella@lopez-fischer.org
540251,marcia47@johnson-alvarado.com
844480,derek76@gmail.com
798782,pagerichard@sullivan.org
666797,lallen@carrillo-smith.com
684305,michael95@gmail.com
737929,craigpaul@fowler.com
803698,grichard@hotmail.com
704449,richardmeyers@gmail.com
807577,dbarnes@hotmail.com
717126,fedwards@evans.com
696899,npope@nguyen.com
880669,boyertina@gmail.com
580084,williamwilliams@yahoo.com
536045,patricia65@newman-chambers.info
599971,freemanangela@lee.com
777239,thompsonjennifer@hotmail.com
635895,angela74@perez.info
676279,hhorton@jones-turner.org
890628,romanalex@yahoo.com
671969,francis39@yahoo.com
820407,bradleybarr@hotmail.com
796660,uharris@hernandez.com
879885,pnguyen@hotmail.com
588037,ztorres@hotmail.com
580065,sherry87@avila.biz
670510,rskinner@martinez.com
752811,mike15@yahoo.com
695929,ngriffin@gmail.com
808423,rallen@thompson.com
897783,hcurry@esparza.biz
855994,opowell@mahoney.net
883338,nicole29@williams.info
726501,lallen@gmail.com
657083,ijensen@morgan.com
831052,davidhernandez@hotmail.com
626662,megan66@yahoo.com
667903,william52@yahoo.com
846743,johnyoder@chen.net
894869,annmartin@harris-wright.com
533391,nstewart@gmail.com
589598,johnsontonya@jackson.info
773444,gravesjason@davis.com
702640,ericgutierrez@yahoo.com
870199,adamhardy@yahoo.com
607664,garnerdeanna@huffman-lewis.org
807176,normanbarbara@lewis.com
626239,erikaadams@hensley.com
853362,mark00@hotmail.com
885820,christopher51@carter.net
781394,dhernandez@lang.info
817148,coxjessica@owens.com
596724,montgomeryjames@jenkins.com
868936,maria55@peters-kelly.net
636744,jonhunt@hotmail.com
587048,tranmichelle@russell-carrillo.com
708107,drocha@parker.org
517621,stephanie12@gmail.com
744834,wilkinsashlee@watkins.info
538496,antoniobishop@gallagher.net
708826,erogers@crawford.com
710019,allisongreene@gibbs-riley.biz
641653,amy41@nguyen-bailey.org
620629,anthonyjohnson@leon.com
731257,perrycameron@yahoo.com
593721,andrewlarson@curry.info
522003,timothyrichardson@hotmail.com
866496,kimberly48@hotmail.com
827172,peterschristopher@lawson.net
782036,robert63@stuart-smith.com
626380,kerickson@hotmail.com
781023,ambergarza@gmail.com
519966,bellbradley@taylor.net
700564,katiemann@white.biz
559555,uperez@mcdonald-williams.net
876972,wforbes@gmail.com
815370,johnsonmatthew@yahoo.com
547212,oholloway@powell.biz
685111,thomas99@hotmail.com
736397,jaredabbott@hotmail.com
731504,sylvia84@yahoo.com
551206,jodonnell@vincent-schultz.com
796326,anaunderwood@gmail.com
781331,amysmith@hotmail.com
524460,leachjimmy@olson.org
815030,khansen@blevins.info
736005,lallen@warren-campbell.com
634249,ujohnson@gmail.com
700322,hmora@gmail.com
767833,mdavis@hotmail.com
584977,juanlewis@yahoo.com
868751,oespinoza@yahoo.com
881624,andersonpeter@jacobson.com
587350,dwright@silva.biz
692446,crystal26@hotmail.com
519615,jessica93@yahoo.com
793849,paul56@camacho-atkinson.com
679290,dennisjones@jenkins.com
594652,kennethlee@acosta.com
725573,thomas50@johnson.net
883993,pbailey@li-james.com
598968,joelgray@silva.com
792124,pwilliams@austin.org
864734,chasejohnson@conner-sanchez.biz
834666,maureen68@calhoun.net
673003,kellyjeffery@graham-rodriguez.com
758376,powersbrett@gmail.com
850914,lori96@hotmail.com
797647,thompsonstephanie@gmail.com
753791,bryanking@mejia.com
894386,qrose@rodriguez-lowery.com
715856,mathewgolden@gmail.com
828086,cindy69@smith-wong.com
777364,anna67@franklin.info
796899,westrada@gmail.com
684569,tgeorge@ross.com
715449,brian94@hotmail.com
515225,tracy28@vaughn-perkins.com
709471,rsaunders@yahoo.com
822667,johnbarnes@gmail.com
771935,whiteheadderrick@lee.com
629151,derekhart@yahoo.com
753535,pachecomichelle@pham.com
626067,destiny39@yahoo.com
647798,marksmith@davis.com
661573,dominic22@hotmail.com
765163,kelleydeanna@gmail.com
759420,kimberlyhickman@yahoo.com
545260,jamesbell@gmail.com
619326,zmartinez@yahoo.com
505391,josephbishop@garcia-norton.net
555449,alexandra36@gmail.com
513654,sharon90@gmail.com
579745,qbeasley@yahoo.com
788037,mathewmurphy@thomas.biz
788481,rfuentes@hotmail.com
578869,kaylablake@erickson.com
578769,michael14@burton.com
664965,robertsashley@hotmail.com
528838,robert24@shaffer.com
545588,hillsamantha@rose-williamson.com
567378,simskatherine@willis.org
737514,acostajames@hotmail.com
732336,dromero@green.org
896626,brittanywilliams@hotmail.com
881362,ugray@hotmail.com
514150,jenny21@rojas.com
677680,juliedavis@brown.com
832028,kaylee16@peters.com
512742,timothymichael@dominguez.com
804179,talexander@lopez-thomas.net
765141,mckinneyduane@avery-mullen.com
644095,alang@yahoo.com
795823,davisvincent@hotmail.com
664488,gcortez@guzman-schneider.com
693820,laurabradford@rodriguez.net
727458,erinnguyen@hotmail.com
548379,mariadalton@hotmail.com
539029,chernandez@bailey.com
597643,stewartjeffery@willis-russell.com
761851,bryankim@smith-tucker.com
577190,anthony41@gmail.com
687401,davisjennifer@hotmail.com
597530,mcleanjesse@hotmail.com
775183,ojuarez@yahoo.com
804231,loridelgado@hotmail.com
722240,roberthall@hotmail.com
685865,stacyjones@yahoo.com
573012,xclark@smith.com
732859,marissa50@hotmail.com
604957,mcdonaldoscar@lynch.net
758020,patricia64@hotmail.com
860286,kennethjohnson@hotmail.com
615408,michaelbernard@smith.com
633616,flemingkayla@gentry.biz
878259,miranda12@yahoo.com
566137,thomasscott@thomas.com
546307,rodriguezcristian@dunlap-carter.com
633262,ashleyhoffman@hotmail.com
837083,wesleyparker@yahoo.com
822154,alison35@oliver.com
596931,bergershannon@hotmail.com
869554,amandasmith@phillips.biz
627853,tgallegos@gmail.com
655520,sharpkathleen@hotmail.com
674249,michellepena@gonzalez.info
624567,brandyevans@gmail.com
732072,fisherdylan@hotmail.com
892694,cruzrichard@yahoo.com
508177,jamesderek@elliott-wilson.com
854514,martinezkimberly@yahoo.com
547664,john48@stewart-hubbard.com
673120,oking@hoffman.net
853082,waltersian@leon.com
607540,andersontanya@yahoo.com
729035,taylorjames@hotmail.com
548103,eric39@hotmail.com
828317,marshhayden@hotmail.com
647722,hallmark@gmail.com
585175,johnsonmathew@hotmail.com
762923,space@gmail.com
715125,brianna80@gmail.com
838646,enelson@hotmail.com
749230,michael87@hunter.org
767914,john73@hotmail.com
720034,qmiller@carter.com
800784,nicole07@yahoo.com
804832,hcruz@gmail.com
758916,tammyhess@rodriguez.com
835127,thomasteresa@gmail.com
690738,bluna@yahoo.com
631522,sweeneyelizabeth@cook.com
504932,alexanderryan@jackson-simmons.com
524736,paulkeller@harris.com
832058,crossronald@gmail.com
834491,annbrown@yahoo.com
651944,brenda25@yahoo.com
795854,nicholasscott@jones.com
706896,alvin97@green.com
880019,brian12@hall.com
867318,milleramanda@hotmail.com
769279,glopez@stevens-gomez.org
858365,steven40@hotmail.com
866005,emilyreilly@wolf.com
594081,aaron22@bradford.com
738352,shannondaniels@tucker.net
867585,jleach@mckinney.com
852927,olsondonald@hotmail.com
513792,tanyanguyen@rubio.net
561889,emilysutton@nguyen.net
892213,byrdjessica@hotmail.com
869896,nanderson@diaz-soto.com
897043,luke40@gonzalez.com
702394,sgoodman@hotmail.com
623669,joseph08@gmail.com
516587,martinezmelissa@cochran.com
506858,josephtaylor@barr.net
801673,robertskayla@yahoo.com
542763,bjohnson@floyd-carter.com
799081,owenjoshua@hotmail.com
893034,thowell@gmail.com
606659,dmoore@brown.info
815671,onealerica@gmail.com
674157,sotojohn@hotmail.com
843103,thomas12@henson.com
679796,victoria67@hotmail.com
521716,theodorecase@hotmail.com
620006,johnsonbecky@gmail.com
533450,loriibarra@bauer.com
708503,uedwards@gmail.com
618242,nicholas99@gmail.com
583921,kwhitney@harmon-williams.net
627026,buckleyangela@yahoo.com
827254,triciamoore@gmail.com
528754,hamiltontara@kirk.com
714606,carsonjessica@mcgrath-wise.com
791152,rwilson@gmail.com
762020,rodriguezdakota@hotmail.com
611684,stephanie84@moore.info
613038,susanfox@moore.org
555543,amydouglas@wilson.info
870095,odaniels@walker.com
571226,icooper@wong.biz
634267,millermelissa@nguyen-day.com
668303,robertowen@hotmail.com
593017,michaelsanchez@hotmail.com
831591,parker85@miller.com
849068,hannahstephens@gmail.com
727559,melinda87@mcconnell.info
864997,miranda21@moyer.org
644941,jamesmontgomery@gibson.com
703080,cgregory@yahoo.com
644585,theresapalmer@gmail.com
673513,tsilva@hotmail.com
865731,jamessean@koch.com
834088,srobinson@hotmail.com
819588,xdixon@leach-schneider.com
760133,martinezchristopher@hotmail.com
509952,johnlewis@hotmail.com
701133,gregory26@davis.com
583141,benjamin65@hotmail.com
500957,david12@medina.com
516690,griffinjohn@jordan.com
842813,kelleyashley@hotmail.com
533365,leslie42@hotmail.com
641332,lopezdaniel@camacho.com
549801,daniel19@yahoo.com
849205,megan60@yahoo.com
508767,dorseytaylor@gmail.com
503114,slopez@carter-black.com
645249,aarongibson@bishop.biz
750749,rmorgan@wright.com
524354,cardenascathy@yahoo.com
563894,adamweaver@yahoo.com
700278,stephanie89@yahoo.com
521474,nmitchell@flynn-yoder.com
837512,jeremy42@hotmail.com
554981,wlewis@campbell.com
761269,carlos52@yahoo.com
508016,jodiallen@gmail.com
722723,andersonaaron@hotmail.com
690866,julie42@brown-garcia.biz
789235,pshort@richardson.org
545804,tonyamckinney@yahoo.com
785640,taustin@gmail.com
770592,greenmichelle@gmail.com
855358,bsingh@hotmail.com
627352,brownmary@wilson.com
823711,patricia23@gmail.com
840542,cristinaphillips@yahoo.com
814236,wendy40@yahoo.com
717670,qhorton@robles-gomez.info
802124,westkimberly@hernandez.com
733394,rachelhopkins@grant.biz
685500,christina33@hotmail.com
539370,alandunn@davis-pittman.net
806024,nchen@willis-grant.info
814692,rwhite@hotmail.com
850481,kirsten09@yahoo.com
867777,dvillanueva@fitzpatrick.com
867218,jillianlee@hotmail.com
854967,kristen00@hodge.com
798192,kevinjimenez@gray-sharp.com
844504,brandonlucas@ross-kim.com
608068,annevaughn@lutz-morris.com
615011,grahamnancy@yahoo.com
644881,denise91@mata.net
739714,eallen@gmail.com
734756,josephmccoy@hotmail.com
883241,millsjustin@liu.biz
830838,megan48@hall.com
706885,karen06@ramsey.net
660766,leeangela@hotmail.com
633928,sean10@watts.com
741008,bvilla@ortiz.com
543429,wrightnicole@hancock.biz
626744,kcarr@gmail.com
739206,kellypeterson@rogers.org
788761,curtiserickson@salazar.com
783628,kirsten14@koch-watts.com
573272,alan32@hotmail.com
769448,ryan46@harris.com
850025,nicholas43@alvarez.com
811918,traceyklein@gmail.com
626634,debra08@hotmail.com
639188,downsdestiny@gmail.com
594045,leahperez@yahoo.com
537475,barry21@yahoo.com
776229,sjones@yahoo.com
702562,daniel42@wolf-maldonado.com
597014,jyoung@gmail.com
596682,ymorris@macdonald.biz
709282,nelsonkevin@adams-mclaughlin.biz
589955,aprilbenjamin@hotmail.com
654898,kathleenhernandez@yahoo.com
532799,kenneth01@thomas.info
599545,shannongonzales@gmail.com
857600,nmedina@martin-ortiz.net
569898,angelahardy@gmail.com
642292,blevinsandrew@walters.com
555531,whitneyamanda@taylor.com
693255,kennethmcdaniel@knapp-logan.com
727200,stacypatel@bishop.org
853278,castrojulia@hotmail.com
627076,twagner@smith.org
646052,donaldle@wilson.info
664324,alexander67@yahoo.com
878141,walteryork@hotmail.com
635961,ubuchanan@yahoo.com
705661,jwheeler@gmail.com
653653,vnewman@dixon.biz
876909,matthewsmith@johnson.com
667217,elizabethdavis@hotmail.com
727419,michelletucker@thomas.info
889787,utorres@gmail.com
686177,tammymccarthy@hotmail.com
643703,brandihenry@ellis.com
514400,kmcknight@miller.com
867471,jacob70@yahoo.com
799211,ttodd@curry.com
765461,mcintyrejordan@roman-patel.net
783231,jamie45@newton.com
851371,tracy21@mccormick-franco.biz
578873,okirby@carrillo-griffin.com
674970,chenmichelle@gmail.com
769969,zbowman@hotmail.com
698538,tara80@hotmail.com
826259,vwebb@yahoo.com
609311,scott23@yahoo.com
755285,rodriguezcurtis@yahoo.com
599838,jessica97@gmail.com
626359,allison64@newman.net
679239,karinamitchell@clements.com
535031,kempmichael@moore.org
846238,christopher38@hotmail.com
865181,peterpatterson@gmail.com
591442,sotoamanda@gmail.com
711785,pparker@hotmail.com
638743,jonescole@yahoo.com
878597,rogersamy@hotmail.com
642149,patricia53@hotmail.com
660641,damongarza@carpenter.com
729377,vanessamoore@gmail.com
605644,ilopez@gmail.com
555979,jason25@hotmail.com
884273,gabriel11@gmail.com
591028,kwilliams@mendez.net
721582,kyle36@yahoo.com
547835,katherinejohnson@huff.org
520471,hermanvicki@perkins.biz
625204,creyes@brown-sullivan.net
774808,wangvictoria@haynes.com
588036,gmartin@combs.com
700957,haynesann@sanchez-decker.com
799752,ibarramichael@hotmail.com
550604,james52@yahoo.com
735786,thomascampbell@collins.com
708680,audreylopez@ortiz.com
757931,isaacburke@horton.com
838286,paige70@gmail.com
562023,erinhall@blake.com
877222,lisa13@hotmail.com
853753,rallen@gmail.com
881274,gpace@hotmail.com
780020,rhondadavis@jacobs-evans.info
787785,evansbrooke@yahoo.com
758984,fnovak@lee.com
856140,knighttimothy@mendoza.biz
755165,aaron58@hotmail.com
826370,trevor33@hotmail.com
817098,allenwagner@harris-garza.com
789560,brandonjones@hotmail.com
699937,dlewis@taylor-owen.info
565014,okemp@howard-osborne.com
734469,jclark@schultz-castaneda.net
849640,matthew24@yahoo.com
599189,wwalter@hotmail.com
711991,jonesbenjamin@porter-morrow.com
773080,levyjulie@yahoo.com
798233,francisco18@yahoo.com
813666,christopherdaniel@hotmail.com
648172,brittany82@mcintosh.com
606687,heidi52@bauer-evans.org
777338,pstout@pittman.com
650274,harmonebony@rogers-brown.net
757903,smithchristina@pope.com
679143,rmejia@hotmail.com
784789,hinesrachael@rodriguez-oliver.org
892291,erin28@barton-thompson.biz
523983,pamela21@gmail.com
717510,deanalex@hotmail.com
862042,ahenderson@salinas-delacruz.com
749458,dylanwhite@parker-brown.org
664455,scarlson@perez.com
728826,bfleming@mitchell-johnson.com
827301,scarter@gonzalez-wang.com
517299,robingilbert@yahoo.com
742926,djohnson@gmail.com
553182,lindsay09@sanchez.info
687846,michelle76@allen-byrd.org
790533,michaelshaw@salas.info
532209,laura16@gmail.com
622505,craigperry@yahoo.com
614181,kmyers@wilkins.info
512745,burtonemily@gomez.com
669017,harrisemily@hotmail.com
748251,kimberlytorres@gmail.com
831776,luke60@wong-wright.net
801367,brandon04@mathews.biz
806286,kevin38@phillips.com
609167,haroldgreer@york-wheeler.org
657444,kerrpeter@gmail.com
808753,josediaz@gmail.com
514560,pmartin@gmail.com
740855,moseskristina@yahoo.com
844189,kimberly92@hotmail.com
609499,iallen@gmail.com
701046,coreyquinn@davis-jones.com
679858,steven15@hotmail.com
578915,harrisjessica@johnson-love.com
851202,ogarcia@johns-lee.com
557442,kimberlysimmons@contreras-gentry.com
635113,hhardy@richmond.info
757506,natalie53@young.biz
870488,eric86@jones.com
573552,deannahenry@joseph.org
516740,kcollins@crosby.com
838732,wilsonjonathan@gonzalez.info
688605,ymccarty@gray.com
788536,zgarcia@miller.com
879143,bridgesscott@hale-rhodes.com
668060,amy71@bryant.org
826518,gilbertchad@powers.net
569644,bethcruz@jones.com
896143,alexander79@stone.com
820946,gregory30@ward.org
532124,markanderson@hotmail.com
884817,burnsheather@hotmail.com
572061,ashort@jenkins-foster.com
683520,jack45@hotmail.com
575040,cynthia10@cole.com
697009,michelleherrera@gmail.com
848103,stephanie63@yahoo.com
899073,leenicole@gmail.com
611974,phillipscassandra@nichols.com
570992,kylegarcia@gmail.com
509107,carriegraves@navarro-jones.com
521163,wmullen@duncan.org
559939,shannonhendrix@hull-lowe.com
564035,phillipskelly@yahoo.com
611365,emilygentry@hotmail.com
773086,kaitlyn67@yahoo.com
540981,tfletcher@gmail.com
891641,bhanna@sutton-becker.biz
719392,ptaylor@gmail.com
588208,mendezjennifer@gmail.com
528747,rebecca70@rivera.com
881141,mendezrobert@yahoo.com
706461,grobertson@yahoo.com
769672,dawn46@lopez.com
717551,clarksusan@yahoo.com
846902,patrickcastaneda@yahoo.com
505882,ljames@jordan.com
662333,sheri97@moore.org
511158,scottroger@miller-santana.com
697613,zthomas@hotmail.com
568525,gmontgomery@hotmail.com
643391,michael78@holmes.com
560662,mikeschultz@yahoo.com
585676,andrea42@lewis.net
886664,joshua36@yahoo.com
758993,derek19@tucker-petersen.com
609968,stephaniebowman@gmail.com
573265,tracey90@gmail.com
658517,hdecker@baird.org
857622,cassandra48@gmail.com
753006,fbowman@torres-hancock.org
818436,jchambers@williamson-nicholson.com
886666,cannonamanda@gmail.com
782197,antonio50@gmail.com
777523,michaelgrant@smith.org
539774,samanthabowers@harris.com
579518,mjohnson@mcguire-gonzalez.com
519987,kevinroach@yahoo.com
831584,zacharymartin@gmail.com
655895,solomonashley@hotmail.com
890010,grobinson@francis-townsend.biz
809360,reyeskathryn@jones.com
758244,ashleeward@hotmail.com
663167,pittsmelissa@wilson.biz
635833,wilsonmargaret@gmail.com
880946,cynthia40@davidson.info
804049,allisoncampbell@luna-cobb.info
563606,ashleymejia@gmail.com
697428,lauramack@yahoo.com
657270,allensandra@hotmail.com
781645,brooksbenjamin@murphy.com
842111,rodriguezmichael@gmail.com
695406,kevin54@david-jackson.com
614759,edwardkrueger@weeks.biz
788672,crystalclarke@smith.com
514007,reyesvictor@gmail.com
690823,dgonzales@yahoo.com
805013,jenniferjones@hotmail.com
850498,vmorris@suarez.com
634230,jhopkins@martinez.org
674039,lewismichelle@calderon.info
539194,jacksonwhitney@torres.com
608017,corey56@cox-fischer.info
831320,donaldtucker@gmail.com
836904,droy@gmail.com
771940,rcruz@spencer.com
802540,csmith@brown.info
767652,zolson@hotmail.com
549680,katherine39@robinson-michael.com
503180,ewhite@yahoo.com
752368,ejohnson@hotmail.com
874585,wprice@hotmail.com
637052,ortizashley@garcia.info
809031,mcbridejason@moody.com
660706,vdavis@chavez.com
822828,dennis03@copeland.com
676819,nmcfarland@yahoo.com
770586,iward@lawrence.com
804907,brandonpeterson@arellano.net
558279,christina13@fuentes.info
662657,mooremario@salazar-jordan.info
540912,hilljason@gmail.com
786687,michael16@hotmail.com
832249,mcguirericky@gmail.com
813225,kimberly06@jensen.com
883459,ahill@hotmail.com
792300,michael42@hotmail.com
723722,campbelljulie@gmail.com
817532,adamfoster@yahoo.com
582235,valerie40@yahoo.com
508536,christina57@johns-robinson.biz
624335,marywilson@stewart.com
709594,haleyjames@silva.com
642969,ruizadam@yahoo.com
610017,billy34@yahoo.com
828127,timsoto@baxter.com
608564,newtoncory@hull-duncan.org
564419,morgantaylor@tucker.net
560303,whitepatricia@hotmail.com
694895,kimberly51@williams-hoffman.biz
745906,tiffany48@wolfe.com
548083,robertmcdonald@hotmail.com
507454,dsimon@bates-swanson.biz
742989,durhamrichard@gmail.com
708497,jefferywheeler@briggs.org
855842,christophertaylor@gmail.com
508418,jesseschmidt@king.com
521613,abigailmartinez@yahoo.com
673189,parksapril@jackson-murray.com
603925,susan07@gmail.com
628394,stacey59@benson.com
868003,parkerbarbara@hotmail.com
694404,johnsonrobyn@anthony.info
833950,bakertodd@gmail.com
520707,bauermichael@barr.org
524918,joel46@kennedy-summers.biz
860440,jeremy20@lyons.com
784118,williamssharon@gmail.com
550198,noahcunningham@murray.biz
699168,jamesbell@haynes.biz
581388,pricerobert@yahoo.com
645520,david14@guzman.com
676983,scottdawn@gmail.com
542842,kyleunderwood@williams.biz
731792,judybooth@gmail.com
841085,jo94@white.com
862259,loveluis@johnson-rivera.com
892682,rrogers@klein-jackson.info
552889,sarah90@knox.info
856724,colinfleming@hotmail.com
605805,garciaamber@yahoo.com
719579,william64@hotmail.com
618119,farrelllarry@hotmail.com
634143,xrodriguez@gmail.com
711335,christophergrimes@yahoo.com
757467,cardenascandace@velez.info
861765,christensenjonathan@brooks-mcgee.biz
679586,kristen52@cooper.net
676725,kerritaylor@hotmail.com
570439,amyrichard@christensen.com
655058,ccastillo@hotmail.com
712168,molinajohn@hotmail.com
510586,briggsbrittany@cobb.net
595044,hobbsmegan@smith-beck.info
520240,kevin60@avila.com
502223,kristinebush@yahoo.com
575912,adam33@anderson-guzman.com
764038,kelly73@washington.org
760814,castanedamelanie@berry-sosa.info
575845,danielsstacey@bright.com
566107,tiffanyblackwell@yahoo.com
621625,georgekeith@rose-martinez.com
892920,qsmith@yahoo.com
847716,hudsonsavannah@booker.com
631724,gainesmelissa@hess.com
855285,nprice@yahoo.com
746944,johnssydney@waters.biz
752826,dtodd@hotmail.com
890923,espinozapaul@hotmail.com
857350,victoria47@ball.com
832836,joseph46@hotmail.com
871838,cnorman@johnson.com
670041,rachel66@hotmail.com
795459,derekjones@conway-newton.com
810836,waltersruth@sparks.info
558965,wriley@williamson-medina.com
735590,sparker@miles-adams.com
693611,michaeldelgado@hotmail.com
646849,wsalazar@hotmail.com
790975,parkermichael@hotmail.com
620074,yholmes@long-harding.com
552448,nicholas06@santos.com
597318,ericjordan@lang.org
811487,lweeks@yahoo.com
522487,fernandokirk@gmail.com
683018,hochoa@yahoo.com
824408,hermanjacob@davis.com
504314,aholmes@gmail.com
760361,ashley99@phillips.net
837645,williamsjeffrey@hall-snyder.com
701316,joneskevin@yahoo.com
648481,stephen01@stephens.com
760951,ryanturner@yahoo.com
786270,brian15@gmail.com
870418,atkinsonmelinda@smith.biz
508698,gary86@jones.com
618931,ugreene@rhodes.com
576379,erin39@gmail.com
817810,hollowaycrystal@mathews.com
761593,uhowell@gmail.com
573307,simmonsshawn@greene-brown.biz
746385,sabrinacantrell@kelly-casey.com
520999,meghanfoster@hotmail.com
528755,hgeorge@gmail.com
678077,alexandra91@yahoo.com
639299,cclarke@howard-hill.com
841150,kevin78@thomas-mclean.biz
666277,kaitlyn50@cordova.biz
662454,nlogan@gmail.com
675283,smithchristopher@bell.com
859340,christopherwest@gmail.com
608334,qkim@gmail.com
599369,david74@robertson-bailey.com
794415,david24@hotmail.com
827210,tammy70@barron.net
618565,hayesjames@may.biz
